EmployeeID,LastName,FirstName,Title,TitleOfCourtesy,BirthDate,HireDate,Address,City,Region,PostalCode,Country,HomePhone,Extension,Photo,Notes,ReportsTo,PhotoPath,
1,Davolio,Nancy,Sales Representative,Ms.,1948-12-08 00:00:00,1992-05-01 00:00:00,507 - 20th Ave. E.Apt. 2A,Seattle,WA,98122,USA,(206) 555-9857,5467,0x151C2F00020000000D000E0014002100FFFFFFFF4269746D617020496D616765005061696E742E506963747572650001050000020000000700000050427275736800000000000000000020540000424D20540000000000007600000028000000C0000000DF0000000100040000000000A0530000CE0E0000D80E0000000000,,2,http://accweb/emmployees/davolio.bmp
2,Fuller,Andrew,Vice President Sales,Dr.,1952-02-19 00:00:00,1992-08-14 00:00:00,908 W. Capital Way,Tacoma,WA,98401,USA,(206) 555-9482,3457,0x151C2F00020000000D000E0014002100FFFFFFFF4269746D617020496D616765005061696E742E506963747572650001050000020000000700000050427275736800000000000000000020540000424D20540000000000007600000028000000C0000000DF0000000100040000000000A0530000CE0E0000D80E0000000000,,NULL,http://accweb/emmployees/fuller.bmp
3,Leverling,Janet,Sales Representative,Ms.,1963-08-30 00:00:00,1992-04-01 00:00:00,722 Moss Bay Blvd.,Kirkland,WA,98033,USA,(206) 555-3412,3355,0x151C2F00020000000D000E0014002100FFFFFFFF4269746D617020496D616765005061696E742E506963747572650001050000020000000700000050427275736800000000000000000080540000424D80540000000000007600000028000000C0000000E0000000010004000000000000540000CE0E0000D80E0000000000,,2,http://accweb/emmployees/leverling.bmp
4,Peacock,Margaret,Sales Representative,Mrs.,1937-09-19 00:00:00,1993-05-03 00:00:00,4110 Old Redmond Rd.,Redmond,WA,98052,USA,(206) 555-8122,5176,0x151C2F00020000000D000E0014002100FFFFFFFF4269746D617020496D616765005061696E742E506963747572650001050000020000000700000050427275736800000000000000000020540000424D20540000000000007600000028000000C0000000DF0000000100040000000000A0530000CE0E0000D80E0000000000,,2,http://accweb/emmployees/peacock.bmp
5,Buchanan,Steven,Sales Manager,Mr.,1955-03-04 00:00:00,1993-10-17 00:00:00,14 Garrett Hill,London,NULL,SW1 8JR,UK,(71) 555-4848,3453,0x151C2F00020000000D000E0014002100FFFFFFFF4269746D617020496D616765005061696E742E506963747572650001050000020000000700000050427275736800000000000000000020540000424D20540000000000007600000028000000C0000000DF0000000100040000000000A0530000CE0E0000D80E0000000000,,2,http://accweb/emmployees/buchanan.bmp
6,Suyama,Michael,Sales Representative,Mr.,1963-07-02 00:00:00,1993-10-17 00:00:00,Coventry HouseMiner Rd.,London,NULL,EC2 7JR,UK,(71) 555-7773,428,0x151C2F00020000000D000E0014002100FFFFFFFF4269746D617020496D616765005061696E742E506963747572650001050000020000000700000050427275736800000000000000000020540000424D16540000000000007600000028000000C0000000DF0000000100040000000000A0530000CE0E0000D80E0000000000,,5,http://accweb/emmployees/davolio.bmp
7,King,Robert,Sales Representative,Mr.,1960-05-29 00:00:00,1994-01-02 00:00:00,Edgeham HollowWinchester Way,London,NULL,RG1 9SP,UK,(71) 555-5598,465,0x151C2F00020000000D000E0014002100FFFFFFFF4269746D617020496D616765005061696E742E506963747572650001050000020000000700000050427275736800000000000000000020540000424D16540000000000007600000028000000C0000000DF0000000100040000000000A0530000CE0E0000D80E0000000000,,5,http://accweb/emmployees/davolio.bmp
8,Callahan,Laura,Inside Sales Coordinator,Ms.,1958-01-09 00:00:00,1994-03-05 00:00:00,4726 - 11th Ave. N.E.,Seattle,WA,98105,USA,(206) 555-1189,2344,0x151C2F00020000000D000E0014002100FFFFFFFF4269746D617020496D616765005061696E742E506963747572650001050000020000000700000050427275736800000000000000000020540000424D16540000000000007600000028000000C0000000DF0000000100040000000000A0530000CE0E0000D80E0000000000,,2,http://accweb/emmployees/davolio.bmp
9,Dodsworth,Anne,Sales Representative,Ms.,1966-01-27 00:00:00,1994-11-15 00:00:00,7 Houndstooth Rd.,London,NULL,WG2 7LT,UK,(71) 555-4444,452,0x151C2F00020000000D000E0014002100FFFFFFFF4269746D617020496D616765005061696E742E506963747572650001050000020000000700000050427275736800000000000000000020540000424D16540000000000007600000028000000C0000000DF0000000100040000000000A0530000CE0E0000D80E0000000000,,5,http://accweb/emmployees/davolio.bmp
10,Knott,Angel,Sales Representative,,1964-12-09 11:04:35,2007-07-13 07:18:02,Yoakley Street,Madrid,Alabama,35658,USA,6-705-528-4605
11,Leslie,Benjamin,Sales Representative,Mr.,1978-11-02 13:56:58,2005-02-13 00:15:54,Bel   Road,Richmond,Hawaii,87560,USA,8-405-304-6085
12,Riley,Ramon,Sales Representative,Mr.,1966-03-25 15:48:16,2012-08-23 18:53:21,Camdale  Pass,Rome,Dr.ouri,29755,USA,0-057-003-3213
13,Abbey,Bart,Sales Representative,Mr.,1963-07-15 06:53:21,2014-04-23 10:06:36,Burton  Street,Fremont,New Jersey,27740,USA,4-333-740-8785
14,Long,Mason,Sales Representative,Mr.,1962-12-31 19:56:43,2008-11-12 05:11:54,Littlebury  Way,Berlin,Connecticut,55052,USA,3-615-583-1274
15,Woodley,Davina,Sales Representative,Dr.,1952-07-23 10:42:25,2019-12-14 17:43:31,Byland  Boulevard,Paris,Wisconsin,46602,USA,5-038-476-7084
16,Myatt,Maddison,Sales Representative,Ms.,1994-07-17 05:08:05,2011-08-06 10:19:07,Callcott   Rue,Norfolk,West Virginia,41479,USA,7-760-148-4380
17,Brown,Gladys,Sales Representative,Dr.,1958-06-01 14:18:00,2008-03-25 21:22:22,Parkgate  Vale,Oakland,Virginia,2144,USA,8-136-053-4761
18,Potts,Alexa,Sales Representative,,1954-12-15 11:09:02,2009-09-13 07:16:24,South Crossroad,Orlando,Delaware,52171,USA,7-635-086-5624
19,Moran,Naomi,Sales Representative,Ms.,1957-07-03 03:21:08,1999-12-11 04:05:56,Duthie   Hill,Lakewood,Connecticut,87749,USA,1-007-848-2106
20,Shaw,Rocco,Staffing Consultant,Mr.,1980-09-17 15:36:46,2014-12-25 07:57:22,Sherwood  Way,Columbus,Florida,23002,USA,0-664-145-8520
21,Ward,Leroy,Sales Representative,Mr.,1970-07-13 06:27:26,2020-05-11 04:24:05,St. Pauls  Crossroad,Lincoln,West Virginia,87559,USA,8-406-086-2582
22,Watson,Sarah,Executive Director,Dr.,1968-12-28 16:54:16,2002-08-09 07:00:46,Hickory Lane Crossroad,Garland,Colorado,1980,USA,4-802-357-2148
23,Rossi,Rufus,Sales Representative,Mr.,1957-07-14 01:23:36,2009-05-21 07:41:35,Black Friars   Hill,Madison,Washington,25573,USA,6-023-425-6008
24,Robertson,Tyson,Sales Representative,Mr.,1989-01-21 11:36:09,2014-11-27 05:14:23,Bendmore  Vale,St. Louis,Indiana,16252,USA,1-580-786-2076
25,Mcguire,Bryon,Call Center Representative,Mr.,1994-07-08 06:15:57,2017-04-13 22:35:05,Udall   Grove,San Antonio,Hawaii,53792,USA,8-152-831-4533
26,Knight,Joseph,Sales Representative,Mr.,1959-06-15 20:44:25,2004-05-18 00:10:10,Magnolia Vale,Milwaukee,Alabama,58697,USA,0-765-747-7322
27,Adler,Alexander,Sales Representative,Mr.,1975-10-27 19:38:04,2004-01-22 20:10:06,Pine Drive,Quebec,Vermont,32241,USA,2-272-356-7785
28,Emerson,Julianna,Sales Representative,Dr.,1970-05-04 07:36:31,2013-09-21 04:12:30,Arlington  Street,Anaheim,Montana,56288,USA,4-346-884-3485
29,Cassidy,Sydney,Sales Representative,Dr.,1973-01-26 16:53:09,2011-01-20 15:46:45,Blore  Vale,Wien,Pennsylvania,12240,USA,0-128-317-7423
30,Harvey,Anne,Sales Representative,Ms.,1961-04-03 10:01:10,2015-04-11 20:40:24,Gate   Crossroad,Worcester,Texas,61847,USA,7-123-833-0320
31,Parr,Martin,Sales Representative,Mr.,1993-01-25 01:46:58,2019-02-26 13:19:55,Camdenhurst   Alley,Milano,Alabama,59495,USA,5-015-325-4756
32,Glynn,Angelina,Sales Representative,Ms.,1984-11-15 01:40:41,1998-12-28 11:55:37,Thoresby   Tunnel,Baltimore,Illinois,94704,USA,8-437-504-5230
33,Reynolds,Sonya,Sales Representative,Dr.,1977-06-10 13:51:14,2008-05-19 10:10:52,Angela   Vale,Denver,Michigan,67372,USA,4-240-516-1006
34,Gallacher,Jayden,Sales Representative,Mr.,1963-08-16 16:20:10,2015-05-19 04:30:42,Sundown Avenue,Nashville,Georgia,41179,USA,7-881-877-1500
35,Connell,Alex,Sales Representative,,1983-12-29 20:11:42,2018-05-16 09:11:29,Duthie   Boulevard,Cincinnati,Dr.issippi,72665,USA,8-175-170-5388
36,Campbell,John,Sales Representative,Mr.,1989-01-08 15:08:51,2017-02-06 09:19:41,Caldwell   Grove,Oakland,New Mexico,78220,USA,0-843-174-7573
37,Roberts,Daron,Sales Representative,Mr.,1966-06-28 21:19:51,2010-11-15 00:39:50,Calshot   Avenue,El Paso,Dr.ouri,97664,USA,0-577-785-6038
38,Rodgers,Chadwick,Sales Representative,Mr.,1999-07-01 00:55:44,2001-03-09 17:06:54,Cloth  Road,Garland,West Virginia,9821,USA,8-378-661-6462
39,Harper,Cassandra,Sales Representative,Dr.,1951-01-22 07:20:27,2010-02-11 19:10:13,Walnut Boulevard,Murfreesboro,Massachussets,78312,USA,6-853-458-0566
40,Styles,Daphne,Staffing Consultant,,2000-06-11 03:02:18,1998-05-11 22:14:36,Wakley   Alley,Rochester,Colorado,36733,USA,1-175-028-3426
41,Weston,Logan,Certified Reseller,Mr.,1965-05-18 00:43:00,2005-08-03 08:53:28,West Pass,Los Angeles,Rhode Island,24987,USA,3-362-553-8015
42,Stanley,Shelby,Certified Reseller,Ms.,1967-12-10 15:52:52,2015-12-10 04:53:20,King Crossroad,Arlington,Illinois,87489,USA,4-810-731-3018
43,Dixon,Caleb,Certified Reseller,Mr.,1988-11-11 03:53:38,2006-08-23 01:06:21,Victorian  Tunnel,Indianapolis,New Hampshire,17300,USA,2-806-553-4818
44,Lee,Lauren,Certified Reseller,,1963-10-31 08:54:15,2000-02-25 02:29:13,North Avenue,Philadelphia,Dr.issippi,50013,USA,8-722-783-1773
45,Mullins,Mayleen,Certified Reseller,,1973-04-29 08:22:11,2020-10-18 01:26:52,Geary   Street,Milano,Maryland,75457,USA,6-402-215-2700
46,King,Barney,Certified Reseller,Mr.,1998-02-01 18:30:29,1998-09-15 11:25:18,Carnegie   Crossroad,Zurich,Pennsylvania,68129,USA,3-536-071-7457
47,Patel,Johnny,Certified Reseller,Mr.,1979-10-29 08:03:41,2003-12-22 16:15:15,Camley   Tunnel,Henderson,Kentucky,72832,USA,7-251-535-7086
48,Pratt,Carter,Executive Director,Mr.,1951-02-14 02:08:38,2005-02-26 22:17:58,Argyle  Pass,Long Beach,California,51952,USA,6-310-744-2662
49,White,Percy,Sales Representative,Mr.,1969-11-25 07:33:11,2003-06-14 00:34:04,Blore  Walk,Lisbon,Colorado,80302,USA,0-421-127-2114
50,Penn,Mona,Sales Representative,,1984-07-02 04:01:09,2006-04-20 22:34:18,Dyott   Pass,San Bernardino,North Dakota,4180,USA,4-747-573-1853
51,Moss,Paige,Sales Representative,,1984-05-23 03:42:26,2001-03-23 19:36:38,Rosewood Vale,New York,North Carolina,60896,USA,4-711-662-4741
52,Reynolds,Domenic,Sales Representative,Mr.,1991-04-21 04:34:03,1999-08-17 16:19:34,Aspen Way,Laredo,Louisiana,33071,USA,8-344-148-0502
53,Curtis,Laila,Investment  Advisor,,1981-09-05 05:50:14,2005-08-07 15:24:32,Durnford  Pass,Milano,Colorado,28415,USA,4-413-568-7223
54,Styles,Meredith,Sales Representative,Dr.,1970-07-18 03:18:11,1998-07-21 21:55:04,Coal Wharf  Street,Quebec,North Carolina,9428,USA,0-274-467-8546
55,Benson,Oliver,Sales Representative,Mr.,1957-04-09 20:42:23,2006-07-04 07:19:04,Birkin   Hill,San Diego,California,19456,USA,6-867-108-0800
56,Olson,Harvey,Sales Representative,Mr.,1999-04-02 07:10:29,2000-01-24 02:15:40,Dunsley  Rue,Charlotte,Kentucky,47929,USA,1-671-660-1376
57,Needham,Benjamin,Sales Representative,Mr.,1990-04-18 11:32:49,2012-03-20 05:56:40,East Way,Cincinnati,Rhode Island,76781,USA,1-140-835-3071
58,Dobson,Alma,Sales Representative,Dr.,1963-05-21 14:23:02,2019-06-24 09:09:37,Bury  Drive,Colorado Springs,Dr.ouri,84394,USA,8-037-555-7683
59,Sanchez,Winnie,Sales Representative,Dr.,1965-06-01 12:54:17,2006-12-28 01:36:43,Queen Walk,Quebec,Oklahoma,63480,USA,5-450-702-0713
60,Wooldridge,Elise,Call Center Representative,,2002-01-31 10:54:27,2013-07-27 05:11:32,Belfort  Lane,Chicago,New Jersey,31456,USA,5-627-286-3765
61,Kennedy,Raquel,Assistant Buyer,Ms.,1958-05-27 03:06:56,2016-02-01 12:57:10,Virginia Route,Escondido,Rhode Island,33781,USA,4-568-561-1167
62,Uttridge,Wade,Assistant Buyer,Mr.,1974-11-15 10:40:37,2014-09-25 07:34:20,Jackson Road,Otawa,North Dakota,52581,USA,5-607-184-6118
63,Cooper,Alma,Assistant Buyer,Ms.,1999-08-17 17:17:46,2018-09-27 19:19:41,Belmore  Street,Wien,Illinois,95454,USA,0-051-004-7088
64,Clarke,Carrie,Assistant Buyer,Dr.,1967-07-03 04:13:47,1999-05-30 21:45:44,Endsleigh  Walk,Springfield,New Hampshire,56714,USA,7-074-073-7306
65,Spencer,Callie,Sales Representative,Ms.,1979-06-14 17:58:30,2018-05-17 20:09:09,Bayberry Alley,Tallahassee,Alabama,13930,USA,5-111-088-6473
66,Harper,Camden,Business Broker,Dr.,1965-09-04 09:56:49,2003-09-09 15:22:03,Caedmon  Road,New York,Tennessee,2897,USA,5-461-348-4272
67,Lee,Chester,Sales Representative,Mr.,1953-10-06 22:03:36,2016-07-29 19:53:17,York Road,Jacksonville,California,10565,USA,0-265-277-6758
68,Johnson,Penelope,Sales Representative,,1971-08-28 05:53:37,2019-08-30 21:33:23,Queensberry  Pass,Scottsdale,Vermont,14341,USA,7-732-700-6825
69,Bryson,Aiden,Call Center Representative,Mr.,1987-04-19 18:45:30,2011-09-13 12:15:26,Railroad Alley,Oakland,Delaware,42248,USA,2-354-712-8243
70,Richardson,Rick,Sales Representative,Mr.,1991-05-04 01:44:04,1998-11-30 18:37:36,Becklow  Tunnel,Rome,Ohio,14613,USA,2-623-016-6646
71,Summers,Zara,Sales Representative,Dr.,1962-10-04 14:25:29,2004-12-14 14:33:20,Udall   Avenue,Moreno Valley,Ohio,68111,USA,5-364-153-7577
72,Ashley,Jayden,Sales Representative,Mr.,1963-10-09 08:28:50,1997-11-17 20:32:37,Camelot   Rue,Laredo,Hawaii,97454,USA,4-701-730-0044
73,Gates,Rick,Sales Representative,Mr.,1963-12-29 06:01:10,2003-06-08 08:28:48,Lonsdale  Pass,Santa Ana,Minnesota,11408,USA,4-480-300-1482
74,Phillips,Kieth,Sales Representative,Mr.,1994-11-25 21:56:11,2007-09-18 20:52:47,King William  Alley,Long Beach,Kansas,60183,USA,5-885-884-8261
75,Harper,Penelope,Sales Representative,Dr.,1953-01-05 11:25:52,2018-08-18 19:09:53,King Way,Lancaster,Arkansas,81651,USA,6-853-223-6831
76,Appleton,Mark,Sales Representative,Mr.,1954-03-04 18:50:15,1999-03-17 19:44:42,Garfield Walk,Prague,North Carolina,48047,USA,3-310-823-3755
77,Edwards,Wendy,Sales Representative,Ms.,1960-06-21 19:51:39,2009-12-25 18:13:33,Sheffield Walk,Denver,Oklahoma,22079,USA,5-325-077-5268
78,Powell,Barry,Sales Representative,Mr.,1969-09-21 17:02:08,2011-03-28 20:07:47,Thomas Doyle   Avenue,Denver,Michigan,84654,USA,1-422-028-8871
79,Pearson,Dasha,Executive Director,Dr.,1994-02-03 00:55:22,2008-04-22 08:49:02,Lincoln Rue,Jersey City,Florida,71036,USA,6-261-543-6137
80,Kerr,Valerie,Sales Representative,Ms.,1967-05-15 00:07:56,2013-08-13 02:35:27,Cliffords  Pass,Pittsburgh,Wyoming,33751,USA,0-412-187-3324
81,Kerr,Oliver,Sales Representative,Mr.,1977-06-16 14:05:53,2006-07-19 04:20:44,Falconberg   Hill,Fremont,Iowa,41675,USA,6-237-222-5082
82,Higgs,Kirsten,Sales Representative,,1964-02-29 00:51:42,2002-12-05 00:05:24,Wake  Walk,Laredo,Indiana,42223,USA,3-404-426-0236
83,Hancock,Penelope,Sales Representative,,1982-12-13 10:16:19,2004-10-11 14:24:40,Longman   Pass,Fort Lauderdale,Massachussets,79280,USA,0-714-567-0317
84,Knight,Meredith,Sales Representative,Ms.,1973-04-08 22:44:28,2002-06-04 16:07:05,Chelsea Manor  Pass,Fayetteville,Delaware,80651,USA,1-727-277-1485
85,Hamilton,Savannah,Sales Representative,Ms.,1998-06-21 20:38:25,2004-09-30 03:12:18,Geffrye   Route,Prague,Connecticut,16232,USA,6-526-008-8224
86,Williams,Elly,Sales Representative,,1984-09-08 00:34:09,2016-02-07 04:39:23,Blackheath   Drive,Saint Paul,Ohio,53111,USA,0-704-202-3042
87,Russell,Luke,Sales Representative,Mr.,1983-05-24 08:25:36,2014-09-29 16:26:58,Carlisle  Avenue,Honolulu,Alabama,27133,USA,3-833-152-0573
88,Clark,Aurelia,Sales Representative,Dr.,1981-08-09 05:24:23,2005-12-28 04:31:54,Chestnut  Boulevard,Long Beach,Rhode Island,38442,USA,1-308-026-1226
89,Potts,Oliver,Sales Representative,Mr.,1988-12-22 08:04:21,2018-07-08 14:26:51,Calderwood   Street,Valetta,Indiana,32374,USA,2-257-681-8850
90,Vallins,David,Call Center Representative,Mr.,1971-10-21 21:41:38,2011-12-10 22:55:01,Spruce Avenue,Fullerton,Utah,29020,USA,8-273-848-8822
91,Gray,Russel,Investment  Advisor,Mr.,1984-04-08 08:14:57,2016-03-11 11:43:38,Camberwell  Route,Washington,West Virginia,94755,USA,0-861-675-5116
92,Robe,Julianna,Assistant Buyer,Dr.,1981-05-01 11:44:23,2017-11-11 13:57:18,Lexington Grove,Milano,Kansas,24085,USA,1-306-120-2637
93,Farrant,David,Assistant Buyer,Mr.,1975-09-21 06:12:19,2015-11-04 19:50:33,Babmaes    Grove,Quebec,Illinois,4932,USA,3-324-833-2217
94,Osman,Tara,Assistant Buyer,Dr.,1969-12-28 20:05:39,2019-06-08 04:57:53,Caslon   Boulevard,Tulsa,New Mexico,47896,USA,2-513-036-6188
95,Upton,Bart,Assistant Buyer,Mr.,1955-07-15 11:01:29,1999-01-31 03:17:20,Bury  Vale,Miami,Indiana,67255,USA,7-864-811-2310
96,Parker,Maxwell,Executive Director,Mr.,1960-08-21 21:23:22,2003-04-26 01:24:58,Champion  Vale,Seattle,Alabama,8074,USA,8-304-004-5133
97,Fall,Lindsay,Sales Representative,,1971-09-27 02:38:39,2020-02-23 12:01:18,Chalcot  Pass,Murfreesboro,Maryland,73306,USA,7-224-165-1051
98,Graham,William,Sales Representative,Mr.,1998-04-25 11:30:18,2014-05-09 06:13:23,Chantry   Grove,Nashville,Kentucky,13926,USA,4-672-504-5677
99,Windsor,Colleen,Sales Representative,,1988-09-30 22:15:53,2016-10-29 00:14:25,Pine Avenue,Lisbon,Alaska,60231,USA,3-706-047-4488
100,Parker,Boris,Sales Representative,Mr.,1965-07-12 04:54:31,2014-01-23 07:27:12,Birkenhead   Hill,Chicago,Illinois,25514,USA,0-600-381-2804
101,Walsh,Ciara,Sales Representative,,1965-08-11 11:55:32,2003-01-21 18:54:03,Kinglake  Alley,Madrid,Alabama,24156,USA,8-323-722-5343
102,Cattell,Celia,Sales Representative,,1991-10-25 03:14:56,2003-06-18 22:25:41,Bacton   Tunnel,Moreno Valley,Ohio,8096,USA,5-283-000-1363
103,Crawford,Luke,Sales Representative,Mr.,1977-07-25 00:03:32,2004-02-13 05:36:16,Blackwall  Road,Bucharest,Georgia,58078,USA,4-250-810-8783
104,Parker,Eden,Sales Representative,,1991-07-10 00:33:38,2014-11-29 17:54:30,Bishop   Boulevard,Fremont,South Carolina,6238,USA,0-447-100-1481
105,Carter,Tony,Sales Representative,Mr.,1976-10-29 01:38:40,2003-02-14 22:56:55,Chantry   Walk,Long Beach,North Dakota,93055,USA,4-377-781-8345
106,Robinson,Oliver,Sales Representative,Mr.,1983-09-18 18:23:26,2017-02-17 13:03:21,Cephas  Vale,San Diego,Montana,90471,USA,6-827-376-2214
107,Edley,Livia,Sales Representative,,1971-05-21 07:24:41,2000-11-24 12:39:29,Bermondsey    Drive,Tallahassee,Wisconsin,9615,USA,3-500-753-6164
108,Rixon,Hank,Sales Representative,Mr.,1999-04-30 21:15:09,2014-08-08 05:10:11,Bales  Street,Nashville,Kentucky,6226,USA,4-115-785-5242
109,Lynch,Angel,Sales Representative,,1954-11-21 10:28:30,1998-02-07 07:15:54,Church Vale,Madrid,Dr.issippi,73281,USA,2-566-221-7206
